train_CrossEntropy(label),train_acc(label),eval_CrossEntropy(label),eval_acc(label)
1.6070311569542475,0.26006554307116103,1.5325336450885145,0.2888283378746594
1.4338438957371515,0.3758192883895131,1.4060687201332764,0.3533151680290645
1.3676733399151864,0.407186329588015,1.2871275146260899,0.4296094459582198
1.3183342977409505,0.431062734082397,1.3087089112625676,0.4305177111716621
1.2809958216849338,0.448501872659176,1.2746303787456654,0.43869209809264303
1.237343518028545,0.4731975655430712,1.2732996869152184,0.45413260672116257
1.1811621537369288,0.5125234082397003,1.3157413080537677,0.43505903723887374
1.119526721565018,0.5387406367041199,1.2806679899317908,0.43778383287920075
