{"initial_reset_timestamp": 1557691509.1181023, "timestamps": [1557691513.2122793, 1557691513.4207056, 1557691516.1111453, 1557691519.4689274, 1557691520.8749185, 1557691521.3833275, 1557691523.3963282, 1557691526.7210581, 1557691529.6412547, 1557691530.1028554, 1557691530.4924202, 1557691530.6844447, 1557691531.2058976, 1557691531.852163, 1557691533.5038724, 1557691533.7259805, 1557691534.9408383, 1557691536.4061015, 1557691539.592307, 1557691540.0921733, 1557691542.6930544, 1557691543.115701, 1557691543.7745261, 1557691544.1235137, 1557691546.3055203, 1557691546.80592, 1557691547.4110737, 1557691547.8019145, 1557691549.6851401, 1557691550.1303563, 1557691550.5996387, 1557691550.6432579, 1557691552.8653946, 1557691552.9175355, 1557691554.2295938, 1557691555.3015819, 1557691558.458466, 1557691566.8234391, 1557691567.868294, 1557691567.9745853, 1557691569.9938936, 1557691570.6650007, 1557691570.701099, 1557691572.0200899, 1557691574.0732834, 1557691576.2837577, 1557691578.0958927, 1557691579.2138126, 1557691580.7111, 1557691581.0009465, 1557691582.7916996, 1557691583.990228, 1557691585.9319673, 1557691586.7766333, 1557691589.7574873, 1557691594.74926, 1557691602.0702324, 1557691603.7165847, 1557691605.7432117, 1557691606.9159572, 1557691609.5233002, 1557691613.711472, 1557691615.0471125, 1557691616.0975122, 1557691620.445427, 1557691622.6861362, 1557691625.257344, 1557691626.0112522, 1557691628.8649783, 1557691632.1143093, 1557691633.2493737, 1557691637.3937757, 1557691639.5575583, 1557691644.3793879, 1557691650.1206734, 1557691650.2675743, 1557691651.876729, 1557691654.3186646, 1557691657.3287177, 1557691661.8832715, 1557691663.0813465, 1557691664.336224, 1557691664.5113864, 1557691664.7622592, 1557691667.5665443, 1557691668.4339755, 1557691668.6124418, 1557691669.4514568, 1557691669.8841386, 1557691670.8966966, 1557691673.1429975, 1557691679.3400662, 1557691680.2181687, 1557691680.6516361, 1557691681.2850134, 1557691681.8970823, 1557691684.3495789, 1557691685.5038486, 1557691688.0603974, 1557691693.6302109], "episode_lengths": [962, 30, 941, 1197, 511, 179, 743, 1139, 943, 145, 141, 70, 187, 221, 593, 79, 432, 524, 1150, 184, 922, 137, 240, 125, 772, 185, 221, 104, 671, 164, 171, 15, 808, 18, 443, 378, 1052, 2973, 381, 38, 704, 241, 12, 478, 711, 784, 636, 395, 474, 95, 593, 429, 671, 297, 1040, 1726, 2623, 573, 703, 419, 949, 1445, 449, 377, 385, 765, 909, 263, 996, 1142, 381, 1467, 754, 1704, 1960, 53, 571, 859, 1059, 1593, 415, 453, 62, 85, 979, 264, 61, 253, 121, 349, 811, 2193, 286, 157, 223, 214, 872, 424, 871, 1957], "episode_rewards": [849.0, 31.0, 577.0, 882.0, 399.0, 168.0, 574.0, 882.0, 755.0, 72.0, 72.0, 42.0, 168.0, 105.0, 482.0, 52.0, 378.0, 399.0, 871.0, 126.0, 797.0, 103.0, 177.0, 42.0, 651.0, 126.0, 113.0, 62.0, 609.0, 84.0, 114.0, 0.0, 744.0, 0.0, 429.0, 231.0, 910.0, 1701.0, 283.0, 21.0, 567.0, 157.0, 0.0, 365.0, 588.0, 575.0, 504.0, 273.0, 399.0, 63.0, 437.0, 228.0, 546.0, 261.0, 629.0, 1302.0, 1928.0, 231.0, 399.0, 273.0, 869.0, 1165.0, 273.0, 231.0, 462.0, 615.0, 861.0, 126.0, 766.0, 839.0, 189.0, 924.0, 567.0, 1238.0, 1434.0, 10.0, 504.0, 678.0, 840.0, 1130.0, 378.0, 336.0, 73.0, 83.0, 924.0, 252.0, 42.0, 147.0, 105.0, 252.0, 679.0, 1512.0, 210.0, 147.0, 147.0, 199.0, 850.0, 189.0, 546.0, 1457.0], "episode_types": ["t", "t", "t", "t", "t", "t", "t", "t", "t", "t", "t", "t", "t", "t", "t", "t", "t", "t", "t", "t", "t", "t", "t", "t", "t", "t", "t", "t", "t", "t", "t", "t", "t", "t", "t", "t", "t", "t", "t", "t", "t", "t", "t", "t", "t", "t", "t", "t", "t", "t", "t", "t", "t", "t", "t", "t", "t", "t", "t", "t", "t", "t", "t", "t", "t", "t", "t", "t", "t", "t", "t", "t", "t", "t", "t", "t", "t", "t", "t", "t", "t", "t", "t", "t", "t", "t", "t", "t", "t", "t", "t", "t", "t", "t", "t", "t", "t", "t", "t", "t"]}